id,fight,subSaga,charactersGood,charactersBad,startAngle,info,anime,extra,include,Name1,State1,Name2,State2,Name3,State3,Name4,State4,Name5,State5,Name6,State6,Name7,State7,Name8,State8,Name9,State9,Name10,State10,Name11,State11,Name12,State12,Name13,State13,Name14,State14
1,Piccolo vs. Raditz,Raditz Saga,Piccolo,Raditz,180,,,"This was hardly a fight, but merely Piccolo attacking Raditz. The Saiyan was about to destroy the Namek when his scouter located Goku, so he flew off to find his brother",y,Piccolo ,,Raditz,,,,,,,,,,,,,,,,,,,,,,,,,
2,Krillin vs. Raditz,Raditz Saga,Krillin,Raditz,180,,,"Krillin tried to attack Raditz, but was knocked down just by a swipe of Raditz's tail",y,Krillin ,,Raditz,,,,,,,,,,,,,,,,,,,,,,,,,
3,Goku vs. Raditz,Raditz Saga,Goku,Raditz,180,,,"Raditz kneed Goku in the stomach, kidnapped Gohan and told Goku to kill 100 people or he would kill Gohan",y,Goku ,,Raditz,,,,,,,,,,,,,,,,,,,,,,,,,
4,"Goku, Piccolo and Gohan (Enraged) vs. Raditz",Raditz Saga,"Goku, Piccolo and Gohan",Raditz,90,,,The first major DBZ fight in which Raditz is finally killed (together with Goku who was holding Raditz in place) when Piccolo fired a beam through them both,y,Goku,,Piccolo,,Gohan,,Raditz,,,,,,,,,,,,,,,,,,,,,
5,Launch (blonde) vs. Bora (anime only),Vegeta Saga,Launch,Bora,180,,anime only,,n,Launch,,Bora,,,,,,,,,,,,,,,,,,,,,,,,,
6,Tien vs. Yamcha (training),Vegeta Saga,Tien Shinhan,Yamcha,180,training,,Training before the Saiyans arrive on Kami's lookout,y,Tien Shinhan ,,Yamcha,,,,,,,,,,,,,,,,,,,,,,,,,
7,Krillin vs. Yajirobe (training),Vegeta Saga,Krillin,Yajirobe,180,training,,Training before the Saiyans arrive on Kami's lookout - although Yajirobe wasn't really trying,y,Krillin ,,Yajirobe,,,,,,,,,,,,,,,,,,,,,,,,,
8,"Tien Shinhan, Yamcha, Krillin, and Chiaotzu vs. Shorty and Scarface (anime only)",Vegeta Saga,"Tien Shinhan, Yamcha, Krillin, and Chiaotzu",Shorty and Scarface,90,,anime only,,y,Tien Shinhan ,,Yamcha,,Krillin,,Chiaotzu,,Shorty,,Scarface,,,,,,,,,,,,,,,,,
9,Piccolo vs. Clone Piccolo (anime only),Vegeta Saga,Piccolo,Clone Piccolo,180,,anime only,,y,Piccolo ,,Clone Piccolo,,,,,,,,,,,,,,,,,,,,,,,,,
10,Piccolo vs. Gohan (Great Ape),Vegeta Saga,Piccolo,Gohan (Great Ape),180,,,This was only the first time Gohan sees a full moon and thus turns into a giant destructive ape. Piccolo destroys the moon to turn Gohan back to normal,y,Piccolo ,,Gohan,Great Ape,,,,,,,,,,,,,,,,,,,,,,,,
11,Piccolo vs. Gohan,Vegeta Saga,Piccolo,Gohan,180,training,,"After surviving on his own for 6 months, Piccolo decides to train Gohan",y,Piccolo ,,Gohan,,,,,,,,,,,,,,,,,,,,,,,,,
12,Tien vs. 1 Saibaman,Vegeta Saga,Tien Shinhan,Saibaman,180,,,Tien easily defeated the 'grown' Saibaman (who had the same power level as Raditz),y,Tien Shinhan ,,Saibaman,,,,,,,,,,,,,,,,,,,,,,,,,
13,Yamcha vs. 1 Saibaman,Vegeta Saga,Yamcha,Saibaman,180,,,"The Saibaman who self destructs while holding Yamcha, killing them both",y,Yamcha ,,Saibaman,,,,,,,,,,,,,,,,,,,,,,,,,
14,Krillin vs. 4 Saibamen,Vegeta Saga,Krillin,4 Saibamen,180,,,Enraged by Yamcha's death Krillin takes on all 4 remaining Saibamen and kills 3 of them in a single blast,y,Krillin ,,Saibaman,,Saibaman,,Saibaman,,Saibaman,,,,,,,,,,,,,,,,,,,
15,Piccolo vs. 1 Saibaman,Vegeta Saga,Piccolo,Saibaman,180,,,"Trying to go for Gohan, the last Saibaman is caught by Piccolo and disintegrated",y,Piccolo ,,Saibaman,,,,,,,,,,,,,,,,,,,,,,,,,
16,Tien Shinhan vs. Nappa,Vegeta Saga,Tien Shinhan,Nappa,180,,,No matter how much Tien fights he is no match for Nappa and even gets his hand cut off,y,Tien Shinhan ,,Nappa,,,,,,,,,,,,,,,,,,,,,,,,,
17,Chiaotzu vs. Nappa,Vegeta Saga,Chiaotzu,Nappa,180,,,"Clinging to Nappa's back he self destructs to protect Tien, but Nappa is barely scratched",y,Chiaotzu ,,Nappa,,,,,,,,,,,,,,,,,,,,,,,,,
18,"Piccolo, Krillin, and Gohan vs. Nappa",Vegeta Saga,"Piccolo, Krillin, and Gohan",Nappa,90,,,Piccolo is killed when he jumps in front of a blast that is shot at Gohan,y,Piccolo,,Krillin,,Gohan,,Nappa,,,,,,,,,,,,,,,,,,,,,
19,Goku vs. Nappa,Vegeta Saga,Goku,Nappa,180,,,Goku finally arrives and makes a fool out of Nappa by breaking his back (Vegeta consequently kills the useless Nappa),y,Goku ,,Nappa,,,,,,,,,,,,,,,,,,,,,,,,,
20,Goku vs. Vegeta,Vegeta Saga,Goku,Vegeta,180,,,The second great fight in DBZ - with Goku's new kai-o-ken technique they are evenly matched with punches flying back and forth,y,Goku ,,Vegeta,,,,,,,,,,,,,,,,,,,,,,,,,
21,Goku vs. Vegeta (Great Ape),Vegeta Saga,Goku,Vegeta (Great Ape),180,,,"Vegeta throws a fake moon into the air and transforms into a Great Ape, still being aware of himself and continues to crush Goku badly",y,Goku ,,Vegeta,Great Ape,,,,,,,,,,,,,,,,,,,,,,,,
22,"Gohan, Krillin, and Yajirobe vs. Vegeta (Great Ape)",Vegeta Saga,"Gohan, Krillin, and Yajirobe",Vegeta (Great Ape),90,,,Vegeta's Great Ape state is finally brought down when Yajirobe cuts of Vegeta's tail,y,Gohan,,Krillin,,Yajirobe,,Vegeta,Great Ape,,,,,,,,,,,,,,,,,,,,
23,Gohan vs. Vegeta,Vegeta Saga,Gohan,Vegeta,180,,,The weakened Vegeta and very angry Gohan fight in a match that is finally even between the two,y,Gohan ,,Vegeta,,,,,,,,,,,,,,,,,,,,,,,,,
24,"Goku, Krillin, and Gohan (Spirit Bomb) vs. Vegeta",Vegeta Saga,"Goku, Krillin, and Gohan",Vegeta,90,,,Goku uses his 2nd new technique and creates a Spirit Bomb that Krillin eventually throws at Vegeta,y,Goku,,Krillin,,Gohan,,Vegeta,,,,,,,,,,,,,,,,,,,,,
25,Yajirobe vs. Vegeta,Vegeta Saga,Yajirobe,Vegeta,180,,,"Angered with the guy who cut off his tail, Vegeta beats up Yajirobe",y,Yajirobe ,,Vegeta,,,,,,,,,,,,,,,,,,,,,,,,,
26,Gohan (Great Ape) vs. Vegeta,Vegeta Saga,Gohan (Great Ape),Vegeta,180,,,"Gohan looks up at the fake moon and transforms into a Great Ape and beats up Vegeta. Vegeta eventually slices off the tail, but is finally defeated",y,Gohan ,Great Ape,Vegeta,,,,,,,,,,,,,,,,,,,,,,,,,
27,Krillin and Gohan vs. Banan and Sui,Namek Saga,Krillin and Gohan,Banan and Sui,135,,,Frieza's henchmen are easily dealt with,y,Krillin,,Gohan,,Banan,,Sui,,,,,,,,,,,,,,,,,,,,,
28,Vegeta vs. Cui,Namek Saga,Vegeta,Cui,180,,,"Thinking himself much stronger, Cui follows Vegeta to Namek, however he is killed in just one blast by Vegeta",y,Vegeta ,,Cui,,,,,,,,,,,,,,,,,,,,,,,,,
29,Zarbon and Dodoria vs. Namekians,Namek Saga,Namekians,Zarbon and Dodoria,90,,,Many Namekians are killed in Frieza's attempts to locate the Dragon Balls,y,Namekian,,Namekian,,Namekian,,Namekian,,Zarbon,,Dodoria,,,,,,,,,,,,,,,,,
30,Krillin and Gohan vs. Dodoria,Namek Saga,Krillin and Gohan,Dodoria,120,,,"Unable to take it any longer, Gohan & Krillin fly in to kick Dodoria through a building, save the Namekian Dende, and fly off",y,Krillin,,Gohan,,Dodoria,,,,,,,,,,,,,,,,,,,,,,,
31,Vegeta vs. Dodoria,Namek Saga,Vegeta,Dodoria,180,,,Vegeta learns from Dodoria that it was Frieza who destroyed the Saiyan home planet before killing him,y,Vegeta ,,Dodoria,,,,,,,,,,,,,,,,,,,,,,,,,
32,"Vegeta vs. Zarbon (base, transformed)",Namek Saga,Vegeta,"Zarbon (base, transformed)",180,,,"Vegeta easily defeats the base form of Zarbon, but once Zarbon transformed he is effortlessly beat and thrown into a lake",y,Vegeta ,,Zarbon,,,,,,,,,,,,,,,,,,,,,,,,,
33,"Yamcha, Tien Shinhan, and Chiaotzu vs. Piccolo",Namek Saga,"Yamcha, Tien Shinhan, and Chiaotzu",Piccolo,90,,,The 4 deceased from the Vegeta saga finally arrive on King Kai's planet as well and start training,y,Yamcha,,Tien Shinhan,,Chiaotzu,,Piccolo,,,,,,,,,,,,,,,,,,,,,
34,"Vegeta vs. Zarbon (base, transformed) (rematch)",Namek Saga,Vegeta,"Zarbon (base, transformed)",180,rematch,,"Becoming much more powerful after getting healed from his previous fight, Vegeta now swiftly deals with Zarbon",y,Vegeta ,,Zarbon,,,,,,,,,,,,,,,,,,,,,,,,,
35,Gohan and Krillin vs. Guldo,Namek Saga,Gohan and Krillin,Guldo,120,,,"Ginyu forces' Guldo really only knows how to freeze time & people, but right before stabbing Gohan & Krillin he is beheaded by Vegeta",y,Gohan,,Krillin,,Guldo,,,,,,,,,,,,,,,,,,,,,,,
36,"Vegeta, Gohan, and Krillin vs. Recoome",Namek Saga,"Vegeta, Gohan, and Krillin",Recoome,90,,,"Out of desperation Krillin and Gohan team up with Vegeta to battle Ginyu force's Recoome, but they are not match him",y,Vegeta,,Gohan,,Krillin,,Recoome,,,,,,,,,,,,,,,,,,,,,
37,Goku vs. Recoome,Namek Saga,Goku,Recoome,180,,,"Goku finally arrives on Namek, becoming much stronger while training on the space ship. He takes out Recoome in one punch in the stomach",y,Goku ,,Recoome,,,,,,,,,,,,,,,,,,,,,,,,,
38,Goku vs. Burter and Jeice,Namek Saga,Goku,Burter and Jeice,180,,,Two other members of the Ginyu force also prove to be no match for Goku,y,Goku ,,Burter,,Jeice,,,,,,,,,,,,,,,,,,,,,,,
39,Goku vs. Burter and Jeice,Captain Ginyu Saga,Goku,Burter and Jeice,180,,,Goku takes out Burter (who is later killed by Vegeta) but lets Jeice fly away,y,Goku ,,Burter,,Jeice,,,,,,,,,,,,,,,,,,,,,,,
40,Goku vs. Captain Ginyu,Captain Ginyu Saga,Goku,Captain Ginyu,180,,,"Starting out even, Goku eventually powers up and is much stronger than Ginyu. Ginyu then uses his body change attack to switch bodies",y,Goku ,,Captain Ginyu,,,,,,,,,,,,,,,,,,,,,,,,,
41,Frieza (First Form) vs. 3 Namekians (anime only),Captain Ginyu Saga,3 Namekians,Frieza (1st Form),90,,anime only,"On his way to the Grand Elder of Namek, Frieza easily disposes of some Namekians that try to defend the Elder",y,Namekian,,Namekian,,Namekian,,Frieza,First Form,,,,,,,,,,,,,,,,,,,,
42,Nail vs. Frieza (First Form),Captain Ginyu Saga,Nail,Frieza (1st Form),180,,,"To buy some time Nail, the last warrior Namekian, lures Frieza away, but is eventually still no match for Frieza who only fights with 1 arm",y,Nail ,,Frieza,First Form,,,,,,,,,,,,,,,,,,,,,,,,
43,Gohan and Krillin vs. Captain Ginyu (Goku's body),Captain Ginyu Saga,Gohan and Krillin,Captain Ginyu (Goku's body),120,,,"Still figuring out his new body, Ginyu is being beaten by Gohan and Krillin",y,Gohan,,Krillin,,Captain Ginyu,Goku's body,,,,,,,,,,,,,,,,,,,,,,
44,Vegeta vs. Jeice,Captain Ginyu Saga,Vegeta,Jeice,180,,,"After healing from a Sensu bean, Vegeta is now much stronger than Jeice and kills him",y,Vegeta ,,Jeice,,,,,,,,,,,,,,,,,,,,,,,,,
45,Vegeta vs. Captain Ginyu (Goku's Body),Captain Ginyu Saga,Vegeta,Captain Ginyu (Goku's body),180,,,"Vegeta is winning the fight so Ginyu tries to change bodies again, but Goku jumps in the way and returns to his own body",y,Vegeta ,,Captain Ginyu,Goku's body,,,,,,,,,,,,,,,,,,,,,,,,
46,Nail vs. Frieza (1st Form),Frieza Saga,Nail,Frieza (1st Form),180,,,"Nail is badly beaten, but is not killed by Frieza",y,Nail ,,Frieza,First Form,,,,,,,,,,,,,,,,,,,,,,,,
47,"Vegeta, Gohan and Krillin vs. Frieza (1st form)",Frieza Saga,"Vegeta, Gohan and Krillin",Frieza (1st form),90,,,"The Z fighters are trying to buy time until Goku is ready to fight again, but they are no match",y,Vegeta ,,Gohan,,Krillin,,Frieza,First Form,,,,,,,,,,,,,,,,,,,,
48,Vegeta vs. Frieza (1st Form),Frieza Saga,Vegeta,Frieza (1st Form),180,,,An intense power struggle leaves Vegeta out of breath while Frieza has not even broken a sweat,y,Vegeta ,,Frieza,First Form,,,,,,,,,,,,,,,,,,,,,,,,
49,Gohan vs. Frieza (2nd Form),Frieza Saga,Gohan,Frieza (2nd Form),180,,,"After seeing Krillin speared by Frieza, Gohan finds the anger to attack, but is eventually severely beaten",y,Gohan ,,Frieza,Second Form,,,,,,,,,,,,,,,,,,,,,,,,
50,Krillin vs. Frieza (2nd Form),Frieza Saga,Krillin,Frieza (2nd Form),180,,,"Being healed by Dende, Krillin came in just in time to stop Frieza from killing Gohan",y,Krillin ,,Frieza,Second Form,,,,,,,,,,,,,,,,,,,,,,,,
51,Piccolo vs. Frieza (2nd Form),Frieza Saga,Piccolo,Frieza (2nd Form),180,,,"After being wished back to life and to Namek and fusing with Nail, Piccolo joins the battle and is pretty evenly matched, thus Frieza transforms again",y,Piccolo ,,Frieza,Second Form,,,,,,,,,,,,,,,,,,,,,,,,
52,Piccolo vs. Frieza (3rd Form),Frieza Saga,Piccolo,Frieza (3rd Form),180,,,"In his horrible 3rd form Frieza is dominating the fight, piercing Piccolo with one finger beams",y,Piccolo ,,Frieza,Third Form,,,,,,,,,,,,,,,,,,,,,,,,
53,Gohan vs. Frieza (3rd Form),Frieza Saga,Gohan,Frieza (3rd Form),180,,,"Trying to save his master, Gohan takes over the fight and throws his biggest Masenko ever. Frieza manages to bounce it away with effort, thus deciding to transform into his final form",y,Gohan ,,Frieza,Third Form,,,,,,,,,,,,,,,,,,,,,,,,
54,"Gohan, Krillin, & Piccolo vs. Frieza (Final Form)",Frieza Saga,"Gohan, Krillin, & Piccolo",Frieza (Final Form),90,,,"After killing Dende so the Z fighters couldn't get healed again, Frieza tries to kill Gohan but Vegeta slams him aside just in time",y,Gohan,,Krillin,,Piccolo,,Frieza,Final Form,,,,,,,,,,,,,,,,,,,,
55,Vegeta vs. Frieza (Final Form),Frieza Saga,Vegeta,Frieza (Final Form),180,,,"Although Vegeta again experienced a major power boost through healing, he is easily beaten to a pulp and eventually killed",y,Vegeta ,,Frieza,Final Form,,,,,,,,,,,,,,,,,,,,,,,,
56,Goku vs. Frieza (Final Form),Frieza Saga,Goku,Frieza (Final Form),180,,,"Even with a kai-o-ken times 20 technique Goku is not strong enough to beat Frieza, although he does manage to roughen him up a bit",y,Goku ,,Frieza,Final Form,,,,,,,,,,,,,,,,,,,,,,,,
57,Goku vs. Frieza (Final Form-50%),Frieza Saga,Goku,Frieza (Final Form-50%),180,,,Frieze powers up to 50% after which Goku decides that a Spirit Bomb is their only hope,y,Goku ,,Frieza,Final Form,,,,,,,,,,,,,,,,,,,,,,,,
58,Tien vs. Jeice & Burter (anime only),Frieza Saga,Tien Shinhan,Jeice & Burter,180,,anime only,,y,Tien Shinhan ,,Jeice,,Burter,,,,,,,,,,,,,,,,,,,,,,,
59,Yamcha vs. Recoome (anime only),Frieza Saga,Yamcha,Recoome,180,,anime only,,y,Yamcha ,,Recoome,,,,,,,,,,,,,,,,,,,,,,,,,
60,Chiaotzu vs. Guldo (anime only),Frieza Saga,Chiaotzu,Guldo,180,,anime only,,y,Chiaotzu ,,Guldo,,,,,,,,,,,,,,,,,,,,,,,,,
61,Goku (Super Saiyan) vs. Frieza (Final Form-50%),Frieza Saga,Goku (Super Saiyan),Frieza (Final Form-50%),180,,,"After even the Spirit Bomb wasn't enough and blowing up his best friend Krillin, Goku transforms into a Super Saiyan finally having the advantage in the fight",y,Goku ,Super Saiyan,Frieza,Final Form,,,,,,,,,,,,,,,,,,,,,,,,
62,Goku (Super Saiyan) vs. Frieza (Final Form-70%),Frieza Saga,Goku (Super Saiyan),Frieza (Final Form-70%),180,,,"As a desperate measure Frieza throws an energy ball at Namek's core, which will make the planet explode in '5' minutes",y,Goku ,Super Saiyan,Frieza,Final Form,,,,,,,,,,,,,,,,,,,,,,,,
63,Goku (Super Saiyan) vs. Frieza (Final Form-100%),Frieza Saga,Goku (Super Saiyan),Frieza (Final Form-100%),180,,,"Absorbed in the Saiyan fighting frenzy, Goku lets Frieza go to 100% of his strength instead of finishing him off. Frieza then smashes Goku into a volcano from which he doesn't reappear",y,Goku ,Super Saiyan,Frieza,Final Form,,,,,,,,,,,,,,,,,,,,,,,,
64,Gohan vs. Frieza (Final Form-50%) (anime only),Frieza Saga,Gohan,Frieza (Final Form-50%),180,,anime only,"After being told his dad is dead, Gohan again rages against Frieza, trying to buy time so Frieza would still be on Namek when the planet explodes",y,Gohan ,,Frieza,Final Form,,,,,,,,,,,,,,,,,,,,,,,,
65,Goku (Super Saiyan) vs. Frieza (Final Form-100% Depleted),Frieza Saga,Goku (Super Saiyan),Frieza (Final Form-100% Depleted),180,,,"Goku bursts out of the volcano, saves his son and battles on with Frieza, finally having the true upper hand. Frieza manages to cut himself in half with his own attack and is left for dead",y,Goku ,Super Saiyan,Frieza,Final Form,,,,,,,,,,,,,,,,,,,,,,,,
66,Gohan vs. Vegeta (anime only),Frieza Saga,Gohan,Vegeta,180,,anime only,"Not really a fight, merely Vegeta slapping Gohan's hand away after Gohan tries to thank him",y,Gohan ,,Vegeta,,,,,,,,,,,,,,,,,,,,,,,,,
67,Kami and Mr Popo vs. The Spice Boys and Garlic Jr.,Garlic Jr. Saga,Kami and Mr Popo,The Spice Boys and Garlic Jr.,180,,anime only,,n,Kami,,Mr Popo,,The Spice Boys,,Garlic Jr.,,,,,,,,,,,,,,,,,,,,,
68,Gohan vs. Chi-Chi (Infected,Garlic Jr. Saga,Gohan,Chi-Chi (Infected),180,,anime only,,n,Gohan ,,Chi-Chi,Infected,,,,,,,,,,,,,,,,,,,,,,,,
69,Krillin vs. Master Roshi (Infected),Garlic Jr. Saga,Krillin,Master Roshi (Infected),180,,anime only,,n,Krillin ,,Master Roshi,Infected,,,,,,,,,,,,,,,,,,,,,,,,
70,Gohan vs. The Spice Boys,Garlic Jr. Saga,Gohan,The Spice Boys,180,,anime only,,n,Gohan ,,The Spice Boys,,,,,,,,,,,,,,,,,,,,,,,,,
71,Piccolo vs. Yamcha (Infected),Garlic Jr. Saga,Piccolo,Yamcha (Infected),180,,anime only,,n,Piccolo ,,Yamcha,Infected,,,,,,,,,,,,,,,,,,,,,,,,
72,"Piccolo vs. The Spice Boys, Roshi (Infected), Chi-Chi (Infected), Yamcha (Infected)",Garlic Jr. Saga,Piccolo,"The Spice Boys, Roshi (Infected), Chi-Chi (Infected), Yamcha (Infected)",180,,anime only,,n,Piccolo ,,The Spice Boys,,Master Roshi,Infected,Chi-Chi,Infected,Yamcha,Infected,,,,,,,,,,,,,,,,,,
73,Gohan vs. Salt,Garlic Jr. Saga,Gohan,Salt,180,,anime only,,n,Gohan ,,Salt,,,,,,,,,,,,,,,,,,,,,,,,,
74,Krillin vs. Mustard,Garlic Jr. Saga,Krillin,Mustard,180,,anime only,,n,Krillin ,,Mustard,,,,,,,,,,,,,,,,,,,,,,,,,
75,Gohan vs. Salt and Mustard,Garlic Jr. Saga,Gohan,Salt and Mustard,180,,anime only,,n,Gohan ,,Salt,,Mustard,,,,,,,,,,,,,,,,,,,,,,,
76,Gohan vs. Piccolo,Garlic Jr. Saga,Gohan,Piccolo,180,,anime only,,n,Gohan ,,Piccolo,,,,,,,,,,,,,,,,,,,,,,,,,
77,Gohan vs. Spice,Garlic Jr. Saga,Gohan,Spice,180,,anime only,,n,Gohan ,,Spice,,,,,,,,,,,,,,,,,,,,,,,,,
78,Krillin vs. Vinegar,Garlic Jr. Saga,Krillin,Vinegar,180,,anime only,,n,Krillin ,,Vinegar,,,,,,,,,,,,,,,,,,,,,,,,,
79,Gohan vs. Spice (transformed) and Vinegar (transformed),Garlic Jr. Saga,Gohan,Spice (transformed) and Vinegar (transformed),180,,anime only,,n,Gohan ,,Spice,Transformed,Vinegar,Transformed,,,,,,,,,,,,,,,,,,,,,,
80,"Gohan, Piccolo, and Krillin vs. Garlic Jr.",Garlic Jr. Saga,"Gohan, Piccolo, and Krillin",Garlic Jr.,180,,anime only,,n,Gohan,,Piccolo,,Krillin,,Garlic Jr.,,,,,,,,,,,,,,,,,,,,,
81,"Gohan, Piccolo, and Krillin vs. Garlic Jr. (transformed)",Garlic Jr. Saga,"Gohan, Piccolo, and Krillin",Garlic Jr. (transformed),180,,anime only,,n,Gohan,,Piccolo,,Krillin,,Garlic Jr.,Transformed,,,,,,,,,,,,,,,,,,,,
82,Future Trunks vs. King Cold's soldiers,Trunks Saga,Future Trunks,King Cold's soldiers,180,,,In about 2 seconds all the soldiers are cut down,y,Future Trunks ,,King Cold's soldier,,King Cold's soldier,,King Cold's soldier,,King Cold's soldier,,,,,,,,,,,,,,,,,,,
83,Future Trunks (Super Saiyan) vs. Mecha Frieza,Trunks Saga,Future Trunks (Super Saiyan),Mecha Frieza,180,,,"After toying with Frieza for a while, Trunks swiftly slices the evil one into many pieces and disintegrates those, finally killing him for real",y,Future Trunks ,Super Saiyan,Frieza,Mecha,,,,,,,,,,,,,,,,,,,,,,,,
84,Future Trunks (Super Saiyan) vs. King Cold,Trunks Saga,Future Trunks (Super Saiyan),King Cold,180,,,"King Cold, Frieza's father, tries to recruit Trunks, but Trunks again quickly blasts him through the heart and then the face",y,Future Trunks ,Super Saiyan,King Cold,,,,,,,,,,,,,,,,,,,,,,,,,
85,Future Trunks (Super Saiyan) vs. Goku (Super Saiyan) (sparring),Trunks Saga,Future Trunks (Super Saiyan),Goku (Super Saiyan),180,sparring,,Trunks tests Goku's powers by attacking him with his sword while Goku blocks all attacks with just his index finger,y,Future Trunks ,Super Saiyan,Goku,Super Saiyan,,,,,,,,,,,,,,,,,,,,,,,,
86,Tien vs. Chiaotzu (training) (anime only),Trunks Saga,Tien Shinhan,Chiaotzu,180,training,anime only,During the 3 year training period before the Androids arrive,y,Tien Shinhan ,,Chiaotzu,,,,,,,,,,,,,,,,,,,,,,,,,
87,Goku vs. Piccolo (training) (anime only),Trunks Saga,Goku,Piccolo,180,training,anime only,During the 3 year training period before the Androids arrive,y,Goku ,,Piccolo,,,,,,,,,,,,,,,,,,,,,,,,,
88,Goku and Piccolo vs. Gohan (training) (anime only),Trunks Saga,Goku and Piccolo,Gohan,120,training,anime only,During the 3 year training period before the Androids arrive,y,Goku ,,Piccolo,,Gohan,,,,,,,,,,,,,,,,,,,,,,,
89,Yamcha vs. Android 20,Androids Saga,Yamcha,Android 20,180,,,"Yamcha is grabbed by the face, his energy is drained while Android 20 pierces his hand through Yamcha's chest",y,Yamcha ,,Android 20,,,,,,,,,,,,,,,,,,,,,,,,,
90,Goku (Super Saiyan) vs. Android 19,Androids Saga,Goku (Super Saiyan),Android 19,180,,,Goku is easily winning until he his finally hit by the heart disease and collapses,y,Goku ,Super Saiyan,Android 19,,,,,,,,,,,,,,,,,,,,,,,,,
91,Vegeta (Super Saiyan) vs. Android 19,Androids Saga,Vegeta (Super Saiyan),Android 19,180,,,"Vegeta surprises everyone by having become a Super Saiyan as well. He quickly takes care of Android 19, but not before toying with him for a while",y,Vegeta,Super Saiyan,Android 19,,,,,,,,,,,,,,,,,,,,,,,,,
92,Piccolo vs. Android 20,Androids Saga,Piccolo,Android 20,180,,,"Although Piccolo is stronger, the arrival of Trunks is the distraction Android 20 needs to escape",y,Piccolo ,,Android 20,,,,,,,,,,,,,,,,,,,,,,,,,
93,Goku (Super Saiyan) vs. Android 20 (in Goku's nightmare) (anime only),Androids Saga,Goku (Super Saiyan),Android 20,180,,anime only,in Goku's nightmare,n,Goku ,Super Saiyan,Android 20,,,,,,,,,,,,,,,,,,,,,,,,,
94,Krillin vs. Android 20 (anime only),Androids Saga,Krillin,Android 20,180,,anime only,Krillin is no match and is barely alive after Android 20 flees back to his lab to turn on the other Androids,y,Krillin ,,Android 20,,,,,,,,,,,,,,,,,,,,,,,,,
95,Vegeta (Super Saiyan) vs. Android 18,Androids Saga,Vegeta (Super Saiyan),Android 18,180,,,Android 18 broke Vegeta's arm in one swift kick and easily won,y,Vegeta,Super Saiyan,Android 18,,,,,,,,,,,,,,,,,,,,,,,,,
96,Future Trunks (Super Saiyan) vs. Android 18,Androids Saga,Future Trunks (Super Saiyan),Android 18,180,,,Trunks tries to help his father but his sword swipe is blocked,y,Future Trunks ,Super Saiyan,Android 18,,,,,,,,,,,,,,,,,,,,,,,,,
97,Piccolo and Tien Shinhan vs. Android 17,Androids Saga,Piccolo and Tien Shinhan,Android 17,120,,,"Although trying to help Trunks, Piccolo and Tien are also easily beating and left in a crippled heap",y,Piccolo,,Tien Shinhan,,Android 17,,,,,,,,,,,,,,,,,,,,,,,
98,Piccolo vs. Cell (Imperfect Form),Imperfect Cell Saga,Piccolo,Cell (Imperfect Form),180,,,"Piccolo has the clear advantage, but let's Cell absorb his arm so he can find out about Cell's origins (Piccolo then regenerates his arm)",y,Piccolo ,,Cell,Imperfect Form,,,,,,,,,,,,,,,,,,,,,,,,
99,Krillin vs. Cell (Imperfect Form) (anime only),Imperfect Cell Saga,Krillin,Cell (Imperfect Form),180,,anime only,"Knowing that he isn't strong enough, Krillin still battles Cell, but is almost beaten to death",y,Krillin ,,Cell,,,,,,,,,,,,,,,,,,,,,,,,,
100,Piccolo vs. Android 17,Imperfect Cell Saga,Piccolo,Android 17,180,,,"Starting out evenly matched, Android's infinite energy eventually seems to get the better over Piccolo's stamina",y,Piccolo ,,Android 17,,,,,,,,,,,,,,,,,,,,,,,,,
101,Piccolo and Android 17 vs. Cell (Imperfect Form),Imperfect Cell Saga,Piccolo and Android 17,Cell (Imperfect Form),120,,,"Trying to absorb the Android, Piccolo and 17 team up to fight off Cell",y,Piccolo,,Android 17,,Cell,Imperfect Form,,,,,,,,,,,,,,,,,,,,,,
102,Android 16 vs. Cell (Imperfect Form),Imperfect Cell Saga,Android 16,Cell (Imperfect Form),180,,,Finally the peace-loving Android steps in and starts beating Cell,y,Android 16 ,,Cell,Imperfect Form,,,,,,,,,,,,,,,,,,,,,,,,
103,Android 16 vs. Cell (Semi-Perfect Form),Imperfect Cell Saga,Android 16,Cell (Semi-Perfect Form),180,,,"After having absorbed Android 17, Android 16 is longer powerful enough to be a challenge for Cell",y,Android 16 ,,Cell,Semi-Perfect Form,,,,,,,,,,,,,,,,,,,,,,,,
104,Tien Shinhan vs. Cell (Semi-Perfect Form),Imperfect Cell Saga,Tien Shinhan,Cell (Semi-Perfect Form),180,,,"Tien blasts Cell with is Tri Beam attack, giving Androids 16 & 18 time to escape",y,Tien Shinhan ,,Cell,Semi-Perfect Form,,,,,,,,,,,,,,,,,,,,,,,,
105,Tien vs. Cell (Semi-Perfect Form),Perfect Cell Saga,Tien Shinhan,Cell (Semi-Perfect Form),180,,,"Tien eventually collapses due to lack of energy, giving Cell the opportunity to chase the remaining Androids",y,Tien Shinhan ,,Cell,Semi-Perfect Form,,,,,,,,,,,,,,,,,,,,,,,,
106,Vegeta (2nd Grade Super Saiyan) vs. Cell (Semi-Perfect Form),Perfect Cell Saga,Vegeta (2nd Grade Super Saiyan),Cell (Semi-Perfect Form),180,,,"With Vegeta being too strong for Cell, Cell abuses Vegeta's arrogance to let him find and absorb Android 18",y,Vegeta,2nd Grade Super Saiyan,Cell,Semi-Perfect Form,,,,,,,,,,,,,,,,,,,,,,,,
107,Future Trunks (Super Saiyan) vs. Cell (Semi-Perfect Form),Perfect Cell Saga,Future Trunks (Super Saiyan),Cell (Semi-Perfect Form),180,,,Trunks is not ok with his fathers decision to let Cell go and steps in to try and prevent Cell from absorbing Android 18 ,y,Future Trunks ,Super Saiyan,Cell,Semi-Perfect Form,,,,,,,,,,,,,,,,,,,,,,,,
108,Future Trunks (2nd Grade Super Saiyan) vs. Vegeta (2nd Grade Super Saiyan),Perfect Cell Saga,Future Trunks (2nd Grade Super Saiyan),Vegeta (2nd Grade Super Saiyan),180,,,"Annoyed with his son interfering, Vegeta starts to fight Trunks so Cell has the time to absorb Android 18",y,Future Trunks ,2nd Grade Super Saiyan,Vegeta,2nd Grade Super Saiyan,,,,,,,,,,,,,,,,,,,,,,,,
109,"Krillin, Android 16, Android 18, and Future Trunks (2nd Grade Super Saiyan) vs. Cell (Semi-Perfect Form)",Perfect Cell Saga,"Krillin, Android 16, Android 18, and Future Trunks (2nd Grade Super Saiyan)",Cell (Semi-Perfect Form),72,,,"Using a solar flare to blind the others, Cell manages to finally find the moment to absorb Android 18, transforming him into his Perfect Form",y,Krillin,,Android 16,,Android 18,,Future Trunks,2nd Grade Super Saiyan,Cell,Semi-Perfect Form,,,,,,,,,,,,,,,,,,
110,Goku (Super Saiyan) vs. Gohan,Perfect Cell Saga,Goku (Super Saiyan),Gohan,180,training,,Goku and Gohan train for a year in the Hyperbolic Time Chamber (only a day passes on Earth) to prepare for fighting Cell,y,Goku,Super Saiyan,Gohan,,,,,,,,,,,,,,,,,,,,,,,,,
111,Goku (Super Saiyan) vs. Gohan (Super Saiyan),Perfect Cell Saga,Goku (Super Saiyan),Gohan (Super Saiyan),180,training,,During the training in the Hyperbolic Time Chamber Gohan manages to become a Super Saiyan,y,Goku,Super Saiyan,Gohan,Super Saiyan,,,,,,,,,,,,,,,,,,,,,,,,
112,Krillin and Future Trunks (2nd Grade Super Saiyan) vs. Cell (Perfect Form),Perfect Cell Saga,Krillin and Future Trunks (2nd Grade Super Saiyan),Cell (Perfect Form),120,,,"In his perfect state none of the attacks are having an effect on Cell. He knocks down Krillin badly, braking most of his bones",y,Krillin,,Future Trunks,2nd Grade Super Saiyan,Cell,Perfect Form,,,,,,,,,,,,,,,,,,,,,,
113,Vegeta (2nd Grade Super Saiyan) vs. Cell (Perfect Form),Perfect Cell Saga,Vegeta (2nd Grade Super Saiyan),Cell (Perfect Form),180,,,"Vegeta is expecting a challenge, but Cell is too strong for him. Vegeta blasts half of Cell away, but Cell regenerates due to having Piccolo's cells",y,Vegeta,2nd Grade Super Saiyan,Cell,Perfect Form,,,,,,,,,,,,,,,,,,,,,,,,
114,Future Trunks (2nd Grade Super Saiyan) vs. Cell (Perfect Form),Perfect Cell Saga,Future Trunks (2nd Grade Super Saiyan),Cell (Perfect Form),180,,,Trunks takes over after Vegeta is knocked unconscious,y,Future Trunks ,2nd Grade Super Saiyan,Cell,Perfect Form,,,,,,,,,,,,,,,,,,,,,,,,
115,Future Trunks (3rd Grade Super Saiyan) vs. Cell (Perfect Form),Perfect Cell Saga,Future Trunks (3rd Grade Super Saiyan),Cell (Perfect Form),180,,,"Even with a large boost in strength, it was the lack of speed of this 3rd grade SSJ that made it useless to Trunks",y,Future Trunks ,3rd Grade Super Saiyan,Cell,Perfect Form,,,,,,,,,,,,,,,,,,,,,,,,
116,Caroni vs. Cell (Perfect Form) (anime only),Cell Games Saga,Caroni,Cell (Perfect Form),180,,anime only,,n,Caroni ,,Cell,Perfect Form,,,,,,,,,,,,,,,,,,,,,,,,
117,Pirozhki vs. Cell (Perfect Form) (anime only),Cell Games Saga,Pirozhki,Cell (Perfect Form),180,,anime only,,n,Pirozhki ,,Cell,Perfect Form,,,,,,,,,,,,,,,,,,,,,,,,
118,Mr. Satan vs. Cell (Perfect Form),Cell Games Saga,Mr. Satan,Cell (Perfect Form),180,,,"Mr. Satan attempts to fight, but with a smack, Mr. Satan is sent flying from the ring",y,Mr. Satan ,,Cell,Perfect Form,,,,,,,,,,,,,,,,,,,,,,,,
119,Goku (Full-Power Super Saiyan) vs. Cell (Perfect Form),Cell Games Saga,Goku (Full-Power Super Saiyan),Cell (Perfect Form),180,,,"The fight starts out evenly matched, but after a while Goku forfeits and says Gohan should take over",y,Goku,Full-Power Super Saiyan,Cell,Perfect Form,,,,,,,,,,,,,,,,,,,,,,,,
120,Gohan (Full-Power Super Saiyan) vs. Cell (Perfect Form),Cell Games Saga,Gohan (Full-Power Super Saiyan),Cell (Perfect Form),180,,,"Gohan does rather poorly and almost dies, while Goku keeps telling his son to get mad",y,Goku,Full-Power Super Saiyan,Cell,Perfect Form,,,,,,,,,,,,,,,,,,,,,,,,
121,Android 16 vs. Cell (Perfect Form),Cell Games Saga,Android 16,Cell (Perfect Form),180,,,"Android 16 tries to self-destruct and kill Cell, but, unbeknown to him, his bomb was removed earlier. Cell then blows 16 to pieces",y,Android 16 ,,Cell,Perfect Form,,,,,,,,,,,,,,,,,,,,,,,,
122,"Goku (Full-Power Super Saiyan), Vegeta (2nd Grade Super Saiyan), Future Trunks (3rd Grade Super Saiyan), Piccolo, Krillin, Tien Shinhan, and Yamcha vs. 7 Cell Jr.s",Cell Games Saga,"Goku (Full-Power Super Saiyan), Vegeta (2nd Grade Super Saiyan), Future Trunks (3rd Grade Super Saiyan), Piccolo, Krillin, Tien Shinhan, and Yamcha",7 Cell Jr.s,90,,,"Intrigued by Gohan's hidden powers, Cell creates 7 mini Cells that start beating up all the Z warriors",y,Goku,Full-Power Super Saiyan,Vegeta,2nd Grade Super Saiyan,Future Trunks,3rd Grade Super Saiyan,Piccolo,,Krillin,,Tien Shinhan,,Yamcha,,Cell Jr.,,Cell Jr.,,Cell Jr.,,Cell Jr.,,Cell Jr.,,Cell Jr.,,Cell Jr.,
123,Gohan (Super Saiyan 2) vs. 7 Cell Jr.s,Cell Games Saga,Gohan (Super Saiyan 2),7 Cell Jr.s,180,,,After a speech by Android 16's head Gohan is finally enraged enough to turn SSJ 2 and then kills all the Cell Jr's with ease,y,Gohan,Super Saiyan 2,Cell Jr.,,Cell Jr.,,Cell Jr.,,Cell Jr.,,Cell Jr.,,Cell Jr.,,Cell Jr.,,,,,,,,,,,,,
124,Gohan (Super Saiyan 2) vs. Cell (Perfect and Power-Weighted Forms),Cell Games Saga,Gohan (Super Saiyan 2),Cell (Perfect and Power-Weighted Forms),180,,,Gohan is now superior to Cell and starts to toy with him. He makes Cell spit out Android 18 which transform Cell back to his Semi-perfect Form,y,Gohan,Super Saiyan 2,Cell,Perfect and Power-weighted Form,,,,,,,,,,,,,,,,,,,,,,,,
125,Gohan (Super Saiyan 2) vs. Cell (Semi-Perfect Form),Cell Games Saga,Gohan (Super Saiyan 2),Cell (Semi-Perfect Form),180,,,Being the clear loser Cell decides to self-destruct and blow up the World,y,Gohan,Super Saiyan 2,Cell,Semi-Perfect Form,,,,,,,,,,,,,,,,,,,,,,,,
126,Vegeta (2nd Grade Super Saiyan) vs. Cell (Super Perfect Form),Cell Games Saga,Vegeta (2nd Grade Super Saiyan),Cell (Super Perfect Form),180,,,"Cell managed to regenerate from his self-destruct and returns even more powerful and instantly kills Trunks, which enrages Vegeta, but Cell is too strong",y,Vegeta,2nd Grade Super Saiyan,Cell,Super Perfect Form,,,,,,,,,,,,,,,,,,,,,,,,
127,"Gohan (Super Saiyan 2), Piccolo, Krillin, Tien Shinhan, Yamcha, and Vegeta (2nd Grade Super Saiyan) vs. Cell (Super Perfect Form)",Cell Games Saga,"Gohan (Super Saiyan 2), Piccolo, Krillin, Tien Shinhan, Yamcha, and Vegeta (2nd Grade Super Saiyan)",Cell (Super Perfect Form),51.42857143,,,"It takes Gohan a great deal of effort, but every part of Cell's body is finally disintegrated when he blasts his Father-Son Kamehameha",y,Gohan,Super Saiyan 2,Piccolo,,Krillin,,Tien Shinhan,,Yamcha,,Vegeta,2nd Grade Super Saiyan,Cell,Super Perfect Form,,,,,,,,,,,,,,
128,Future Trunks (Super Saiyan) vs. Future Android 17 and Android 18,Cell Games Saga,Future Trunks (Super Saiyan),Future Android 17 and Android 18,180,,,"After returning to the future, Trunks deals with the Androids in mere minutes",y,Future Trunks ,Super Saiyan,Future Android 17,,Future Android 18,,,,,,,,,,,,,,,,,,,,,,,
129,Future Trunks (Super Saiyan) vs. Cell (Imperfect Form: alternate timeline),Cell Games Saga,Future Trunks (Super Saiyan),Future Cell (Imperfect Form),180,,,"Three years after returning to the future, Trunks knows Imperfect Cell is coming, drags him outside of the city and blasts him into smithereens",y,Future Trunks ,Super Saiyan,Future Cell,Imperfect Form,,,,,,,,,,,,,,,,,,,,,,,,
130,"Goku vs. Jeice, Burter, Recoome, and Guldo (anime only)",Other World Saga,Goku,"Jeice, Burter, Recoome, and Guldo",180,,anime only,,n,Goku ,,Jeice,,Burter,,Recoome,,Guldo,,,,,,,,,,,,,,,,,,,
131,"Pikkon vs. Cell, Frieza, and King Cold (anime only)",Other World Saga,Pikkon,"Cell, Frieza, and King Cold",180,,anime only,,n,Pikkon ,,Cell,,Frieza,,Kong Cold,,,,,,,,,,,,,,,,,,,,,
132,Caterpy vs. Goku (anime only),Other World Saga,Caterpy,Goku,180,,anime only,,n,Caterpy ,,Goku,,,,,,,,,,,,,,,,,,,,,,,,,
133,Olibu vs. Chapuchai (anime only),Other World Saga,Olibu,Chapuchai,180,,anime only,,n,Olibu ,,Chapuchai,,,,,,,,,,,,,,,,,,,,,,,,,
134,Tapkar vs. Torbie (anime only),Other World Saga,Tapkar,Torbie,180,,anime only,,n,Tapkar ,,Torbie,,,,,,,,,,,,,,,,,,,,,,,,,
135,Arqua vs. Goku (anime only),Other World Saga,Arqua,Goku,180,,anime only,,n,Arqua ,,Goku,,,,,,,,,,,,,,,,,,,,,,,,,
136,Maraikoh vs. Froug (anime only),Other World Saga,Maraikoh,Froug,180,,anime only,,n,Maraikoh ,,Froug,,,,,,,,,,,,,,,,,,,,,,,,,
137,Torbie vs. Pikkon (anime only),Other World Saga,Torbie,Pikkon,180,,anime only,,n,Torbie ,,Pikkon,,,,,,,,,,,,,,,,,,,,,,,,,
138,Goku vs. Maraikoh (anime only),Other World Saga,Goku,Maraikoh,180,,anime only,,n,Goku ,,Maraikoh,,,,,,,,,,,,,,,,,,,,,,,,,
139,Pikkon vs. Olibu (anime only),Other World Saga,Pikkon,Olibu,180,,anime only,,n,Pikkon ,,Olibu,,,,,,,,,,,,,,,,,,,,,,,,,
140,Goku (Base/Super Saiyan) vs. Pikkon (anime only),Other World Saga,Goku (Base & Super Saiyan),Pikkon,180,,anime only,,n,Goku,Super Saiyan,Pikkon,,,,,,,,,,,,,,,,,,,,,,,,,
141,Gohan (Super Saiyan) vs. Robbers,Great Saiyaman Saga,Gohan (Super Saiyan),Robbers,180,,,"Quite some years since the Cell games, Gohan, now a teenager, stops a few robbers",y,Gohan,Super Saiyan,Robbers,,,,,,,,,,,,,,,,,,,,,,,,,
142,Gohan (Great Saiyaman) vs. Videl,Great Saiyaman Saga,Gohan (Great Saiyaman),Videl,180,,,,y,Gohan,Great Saiyaman,Videl,,,,,,,,,,,,,,,,,,,,,,,,,
143,Chi-Chi vs. Videl,Great Saiyaman Saga,Chi-Chi,Videl,180,,,Not a physical fight but merely Videl and Chi-Chi screaming at each other,y,Chi-Chi ,,Videl,,,,,,,,,,,,,,,,,,,,,,,,,
144,Trunks vs. Goten,World Tournament Saga,Trunks,Goten,180,,,"After easily defeating all other kids in the youth division, the final battle in the tournament is between Goku's new son and Vegeta's son. After cheating on both ends, Trunks eventually wins",y,Trunks ,,Goten,,,,,,,,,,,,,,,,,,,,,,,,,
145,Trunks vs. Mr Satan,World Tournament Saga,Trunks,Mr. Satan,180,,,A slight tap on the cheek sends Mr. Satan flying out of the ring,y,Trunks ,,Mr. Satan,,,,,,,,,,,,,,,,,,,,,,,,,
146,Krillin vs. Pintar,World Tournament Saga,Krillin,Pintar,180,,,Krillin easily wins this match in the tournament,y,Krillin ,,Pintar,,,,,,,,,,,,,,,,,,,,,,,,,
147,Piccolo vs. Supreme Kai,World Tournament Saga,Piccolo,Supreme Kai,180,,,The Supreme Kai uses magic to paralyze Piccolo who then has no other choice but to give up,y,Piccolo ,,Supreme Kai,,,,,,,,,,,,,,,,,,,,,,,,,
148,Videl vs. Spopovich,World Tournament Saga,Videl,Spopovich,180,,,Videl is beaten senseless and almost killed if Spopovich wasn't called back by Yamu,y,Videl ,,Spopovich,,,,,,,,,,,,,,,,,,,,,,,,,
149,"Dabura vs. Kibito, Krillin, Piccolo, Goku, and Vegeta",Babidi Saga,"Krillin, Piccolo, Goku, Vegeta, and Kibito",Dabura,60,,,,y,Krillin,,Piccolo,,Goku,,Vegeta,,Kibito,,Dabura,,,,,,,,,,,,,,,,,
150,Vegeta vs. Pui Pui,Babidi Saga,Vegeta,Pui Pui,180,,,"Babidi changes the gravity in the spaceship to 10x Earth trying to help Pui Pui, not aware that Vegeta is used to much higher settings, thus easily defeating Pui Pui",y,Vegeta ,,Pui Pui,,,,,,,,,,,,,,,,,,,,,,,,,
151,Goku vs. Yakon,Babidi Saga,Goku,Yakon,180,,,Babidi transports Goku & Yakon to the latter's planet of darkness which forces Goku to power up to see ,y,Goku ,,Yakon,,,,,,,,,,,,,,,,,,,,,,,,,
152,Goku (Super Saiyan 2) vs. Yakon,Babidi Saga,Goku (Super Saiyan 2),Yakon,180,,,Goku makes Yakon absorb so much energy that he explodes,y,Goku ,Super Saiyan 2,Yakon,,,,,,,,,,,,,,,,,,,,,,,,,
153,Mighty Mask (Goten and Trunks) vs. Killa,Babidi Saga,Goten and Trunks (Mighty Mask),Killa,120,,,"Goten and Trunks disguise themselves as Mighty Mask so they can also fight in the adult division of the World Tournament, easily beating Killa in the final Battle Royal",y,Goten,Mighty Mask,Trunks,Mighty Mask,Killa,,,,,,,,,,,,,,,,,,,,,,,
154,Android 18 vs. Jewel,Babidi Saga,Android 18,Jewel,180,,,Android 18 swiftly defeats Jewel in the final Battle Royal,y,Android 18 ,,Jewel,,,,,,,,,,,,,,,,,,,,,,,,,
155,Android 18 vs. Mighty Mask (Goten and Trunks),Babidi Saga,Android 18,Goten and Trunks (Mighty Mask),180,,,"Android 18 quickly realizes that Mighty Mask is Trunks and Goten is disguise and exposes them, which disqualifies them",y,Android 18 ,,Goten,Mighty Mask,Trunks,Mighty Mask,,,,,,,,,,,,,,,,,,,,,,
156,Android 18 vs. Mr. Satan,Babidi Saga,Android 18,Mr. Satan,180,,,Android 18 strikes a deal with Mr. Satan to let him win if he pays her twice the prize money. He agrees and 'knocks' her out of the ring,y,Android 18 ,,Mr. Satan,,,,,,,,,,,,,,,,,,,,,,,,,
157,Gohan (Super Saiyan 2) vs. Dabura,Babidi Saga,Gohan (Super Saiyan 2),Dabura,180,,,"Starting a bit rough, Gohan seems a match for Dabura in his SSJ 2 form",y,Gohan,Super Saiyan 2,Dabura,,,,,,,,,,,,,,,,,,,,,,,,,
158,Goku (Super Saiyan 2) vs. Majin Vegeta (Super Saiyan 2),Babidi Saga,Goku (Super Saiyan 2),Majin Vegeta (Super Saiyan 2),180,,,"Vegeta is taken over by Babidi and forces Goku to fight him. They start out in a even match, but Goku holds back his SSJ 3 form",y,Goku,Super Saiyan 2,Vegeta,Majin Super Saiyan 2,,,,,,,,,,,,,,,,,,,,,,,,
159,Goku (Super Saiyan 2) vs. Majin Vegeta (Super Saiyan 2),Majin Buu Saga,Goku (Super Saiyan 2),Majin Vegeta (Super Saiyan 2),180,,,"Vegeta reveals that he let Babidi transform him into Majin as to revert him back to his evil ways, which he thinks makes him stronger",y,Goku,Super Saiyan 2,Vegeta,Majin Super Saiyan 2,,,,,,,,,,,,,,,,,,,,,,,,
160,Dabura vs. Majin Buu,Majin Buu Saga,Dabura,Majin Buu,180,,,,y,Dabura ,,Buu,Majin,,,,,,,,,,,,,,,,,,,,,,,,
161,Gohan (Super Saiyan 2) vs. Majin Buu,Majin Buu Saga,Gohan (Super Saiyan 2),Majin Buu,180,,,Gohan is no match for Buu and presumed to be dead after the battle,y,Gohan,Super Saiyan 2,Buu,Majin,,,,,,,,,,,,,,,,,,,,,,,,
162,Supreme Kai vs. Majin Buu,Majin Buu Saga,Supreme Kai,Majin Buu,180,,,Supreme Kai almost dies in his battle with Majin Buu,y,Supreme Kai ,,Buu,Majin,,,,,,,,,,,,,,,,,,,,,,,,
163,Dabura vs. Majin Buu,Majin Buu Saga,Dabura,Majin Buu,180,,,Majin Buu transforms Dabura into a cookie and gobbles him up,y,Dabura ,,Buu,Majin,,,,,,,,,,,,,,,,,,,,,,,,
164,Majin Vegeta (Super Saiyan 2) vs. Majin Buu,Majin Buu Saga,Majin Vegeta (Super Saiyan 2),Majin Buu,180,,,"Vegeta heroically sacrifices his own life to try and kill Majin Buu. However, Buu reforms making the sacrifice a vain one",y,Vegeta,Majin Super Saiyan 2,Buu,Majin,,,,,,,,,,,,,,,,,,,,,,,,
165,Piccolo vs. Babidi,Majin Buu Saga,Piccolo,Babidi,180,,,Piccolo slices Babidi in half but Majin Buu regenerates him in the end,y,Piccolo ,,Babidi,,,,,,,,,,,,,,,,,,,,,,,,,
166,Goku (Super Saiyan 3) vs. Majin Buu,Majin Buu Saga,Goku (Super Saiyan 3),Majin Buu,180,,,"The first time we see a SSJ3 form in battle. Goku seems stronger than Majin Buu, but Buu regenerates every time",y,Goku,Super Saiyan 3,Buu,Majin,,,,,,,,,,,,,,,,,,,,,,,,
167,Goten vs. Krillin (Training) (anime only),Majin Buu Saga,Goten,Krillin,180,training,anime only,,y,Goten ,,Krillin,,,,,,,,,,,,,,,,,,,,,,,,,
168,Gotenks vs. Majin Buu,Majin Buu Saga,Gotenks,Majin Buu,180,,,"Trunks and Goten have fused into the annoying but powerful Gotenks, but he is still no match for Majin Buu",y,Gotenks ,,Buu,Majin,,,,,,,,,,,,,,,,,,,,,,,,
169,Majin Buu vs. Evil Buu,Fusion Saga,Majin Buu,Evil Buu,180,,,Majin Buu expels the evil in his body which transforms into Evil Buu. Majin Buu is too weak and eventually turned into chocolate and eaten by Evil Buu,y,Buu,Majin,Evil Buu,,,,,,,,,,,,,,,,,,,,,,,,,
170,Gotenks (Base/Super Saiyan) vs. Super Buu,Fusion Saga,Gotenks (Base & Super Saiyan),Super Buu,180,,,"Taking place in the Hyperbolic Time Chamber, a cocky Gotenks uselessly fights Buu with numerous silly-names attacks",y,Gotenks,Super Saiyan,Buu,Super,,,,,,,,,,,,,,,,,,,,,,,,
171,Krillin vs. Super Buu,Fusion Saga,Krillin,Super Buu,180,,,,y,Krillin ,,Buu,Super,,,,,,,,,,,,,,,,,,,,,,,,
172,Gotenks (Super Saiyan 3) vs. Super Buu,Fusion Saga,Gotenks (Super Saiyan 3),Super Buu,180,,,"Finally is SSJ3 form, Gotenks gets the upper hand over Buu, almost finishing him off before time runs out and he reverts back to base form",y,Gotenks,Super Saiyan 3,Buu,Super,,,,,,,,,,,,,,,,,,,,,,,,
173,Gohan vs. Super Buu,Fusion Saga,Gohan,Super Buu,180,,,Gohan finally returns after training with the Kai's and is much stronger than Buu. Buu therefore self-destructs (and regenerates) so Gohan must retreat to save the others,y,Gohan ,,Buu,Super,,,,,,,,,,,,,,,,,,,,,,,,
174,"Gohan vs. Super Buu (Goten, Trunks, and Piccolo absorbed)",Fusion Saga,Gohan,"Super Buu (Goten, Trunks, and Piccolo absorbed)",180,,,"Buu tricks the Z fighters and absorbs Trunks, Goten and Piccolo making him stronger than Gohan",y,Gohan ,,Buu,Super,,,,,,,,,,,,,,,,,,,,,,,,
175,"Goku (Super Saiyan 3) vs. Super Buu (Goten, Trunks, and Piccolo absorbed) (anime only)",Fusion Saga,Goku (Super Saiyan 3),"Super Buu (Goten, Trunks, and Piccolo absorbed)",180,,anime only,Goku returns after he is given Old Kai's life force,y,Goku,Super Saiyan 3,Buu,Super,,,,,,,,,,,,,,,,,,,,,,,,
176,"Goku (Super Saiyan 2) and Vegeta (Super Saiyan 2) vs. Super Buu (Goten, Trunks, Piccolo, and Gohan absorbed) (anime only)",Fusion Saga,Goku (Super Saiyan 2) and Vegeta (Super Saiyan 2),"Super Buu (Goten, Trunks, Piccolo, and Gohan absorbed)",120,,anime only,"As the situation is desperate, Vegeta is granted a 1-day pass back to Earth however, the Goku-Vegeta team is still not strong enough",y,Goku,Super Saiyan 2,Vegeta,Super Saiyan 2,Buu,Super,,,,,,,,,,,,,,,,,,,,,,
177,"Vegito (Base/Super Saiyan) vs. Super Buu (Goten, Trunk, Piccolo, and Gohan absorbed)",Fusion Saga,Vegito (Base & Super Saiyan),"Super Buu (Goten, Trunks, Piccolo, and Gohan absorbed)",180,,,Goku and Vegeta (very reluctantly) fuse into Vegito who them dominates over Super Buu even in base form,y,Goku,Vegito Super Saiyan,Buu,Super,Vegeta,Vegito Super Saiyan,,,,,,,,,,,,,,,,,,,,,,
178,Yamcha vs. Olibu and Other World Warrior (anime only),Fusion Saga,Yamcha,Olibu and Other World Warrior,180,,anime only,,y,Yamcha ,,Olibu,,Other World Warrior,,,,,,,,,,,,,,,,,,,,,,,
179,"Candy Vegito vs. Super Buu (Goten, Trunks, Piccolo, and Gohan absorbed)",Fusion Saga,Vegito (Candy),"Super Buu (Goten, Trunks, Piccolo, and Gohan absorbed)",180,,,"Even after Buu transforms Vegito into a brown candy jawbreaker, he is still beaten quite badly, forcing him to turn Vegito back to his normal state",y,Goku,Vegito Candy,Buu,Super,Vegeta,Vegito Candy,,,,,,,,,,,,,,,,,,,,,,
180,Goku (Super Saiyan) vs. Gohan (image) (anime only),Fusion Saga,Goku (Super Saiyan),Gohan (image),180,,anime only,"After having been absorbed on purpose to save the remaining Z fighters inside Buu, Vegito splits apart and has to battle illusions of their friends",y,Goku,Super Saiyan,Gohan,,,,,,,,,,,,,,,,,,,,,,,,,
181,Vegeta (Super Saiyan) vs. Gotenks (Super Saiyan 3-image) and Piccolo (image) (anime only),Fusion Saga,Vegeta (Super Saiyan),Gotenks (Super Saiyan 3 image) and Piccolo (image),180,,anime only,Another image that Vegeta has to fight in the quest to reach Buu's brain,y,Vegeta,Super Saiyan,Gotenks,Super Saiyan 3,Piccolo,,,,,,,,,,,,,,,,,,,,,,,
182,Goku (Super Saiyan) and Vegeta (Super Saiyan) vs. Super Buu (anime only),Fusion Saga,Goku (Super Saiyan) and Vegeta (Super Saiyan),Super Buu,120,,anime only,Super Buu sends a mental image of himself into his brain to stop Goku and Vegeta. Vegeta eventually cuts the good Buu loose after which Buu's body breaks down,y,Goku,Super Saiyan,Vegeta,Super Saiyan,Buu,Super,,,,,,,,,,,,,,,,,,,,,,
183,Kid Buu vs. Western Supreme Kai (flashback) (anime only),Kid Buu Saga,Kid Buu,Western Supreme Kai,180,flashback,anime only,,n,Buu,Kid,Western Supreme Kai,,,,,,,,,,,,,,,,,,,,,,,,,
184,Kid Buu vs. Northern Supreme Kai (flashback) (anime only),Kid Buu Saga,Kid Buu,Northern Supreme Kai,180,flashback,anime only,,n,Buu,Kid,Northern Supreme Kai,,,,,,,,,,,,,,,,,,,,,,,,,
185,Kid Buu vs. Southern Supreme Kai (flashback) (anime only),Kid Buu Saga,Kid Buu,Southern Supreme Kai,180,flashback,anime only,,n,Buu,Kid,Southern Surpreme Kai,,,,,,,,,,,,,,,,,,,,,,,,,
186,Majin Buu (Southern Supreme Kai absorbed) vs. Eastern Supreme Kai and Grand Supreme Kai (flashback) (anime only),Kid Buu Saga,Majin Buu (Southern Supreme Kai absorbed),Eastern Supreme Kai and Grand Supreme Kai,180,flashback,anime only,,n,Buu,Majin,Eastern Supreme Kai,,Grand Supreme Kai,,,,,,,,,,,,,,,,,,,,,,,
187,Kid Buu vs. Goku (Super Saiyan) and Vegeta (Super Saiyan),Kid Buu Saga,Goku (Super Saiyan) and Vegeta (Super Saiyan),Kid Buu,120,,,"Having destroyed Earth while transformed into his final, insane & irrational form, Kid Buu travels to the Other World to fight Goku and Vegeta",y,Goku,Super Saiyan,Vegeta,Super Saiyan,Buu,Kid,,,,,,,,,,,,,,,,,,,,,,
188,Krillin vs. Yamcha (training) (anime only),Kid Buu Saga,Krillin,Yamcha,180,training,anime only,,y,Krillin ,,Yamcha,,,,,,,,,,,,,,,,,,,,,,,,,
189,"Krillin, Yamcha, Pikkon and Olibu vs. Kid Buu (anime only)",Kid Buu Saga,"Krillin, Yamcha, Pikkon and Olibu",Kid Buu,72,,anime only,,y,Krillin,,Yamcha,,Pikkon,,Olibu,,Buu,Kid,,,,,,,,,,,,,,,,,,
190,Goku (Super Saiyan 2/3) vs. Kid Buu,Kid Buu Saga,Goku (Super Saiyan 2 & 3),Kid Buu,180,,,Goku tries but is unable to defeat Kid Buu due to the latter's regeneration technique and perpetual strength,y,Goku,Super Saiyan 3,Buu,Kid,,,,,,,,,,,,,,,,,,,,,,,,
191,Vegeta vs. Kid Buu,Kid Buu Saga,Vegeta,Kid Buu,180,,,"Vegeta steps in to take over from an exhausted Goku, but he is no match and easily beaten",y,Vegeta ,,Buu,Kid,,,,,,,,,,,,,,,,,,,,,,,,
192,Goku (Super Saiyan 3) vs. Kid Buu,Kid Buu Saga,Goku (Super Saiyan 3),Kid Buu,180,,,Having gotten some time to recuperate Goku can fight in SSJ3 form again,y,Goku,Super Saiyan 3,Buu,Kid,,,,,,,,,,,,,,,,,,,,,,,,
193,Vegeta (Super Saiyan 2) vs. Kid Buu,Kid Buu Saga,Vegeta (Super Saiyan 2),Kid Buu,180,,,Vegeta again takes over from Goku to give Goku the time to gather his energy for a final attack,y,Vegeta,Super Saiyan 2,Buu,Kid,,,,,,,,,,,,,,,,,,,,,,,,
194,Mr. Satan vs. Kid Buu,Kid Buu Saga,Mr. Satan,Kid Buu,180,,,"After Vegeta falls, Mr. Satan steps in which Kid Buu is unable to attack until he spits out Good Majin Buu",y,Mr. Satan ,,Buu,Kid,,,,,,,,,,,,,,,,,,,,,,,,
195,Majin Buu vs. Kid Buu,Kid Buu Saga,Good (Majin) Buu ,Kid Buu,180,,,"After seeing Kid Buu beating Mr. Satan, Good Majin Buu starts to fight his insane counterpart, but is not strong enough",y,Good (Majin) Buu ,,Buu,Kid,,,,,,,,,,,,,,,,,,,,,,,,
196,Vegeta vs. Kid Buu,Kid Buu Saga,Vegeta,Kid Buu,180,,,Vegeta tries to hold off Kid Buu for as long as he can while Goku is creating a massive Spirit Bomb,y,Vegeta ,,Buu,Kid,,,,,,,,,,,,,,,,,,,,,,,,
197,Goku (Super Saiyan 2) vs. Kid Buu,Kid Buu Saga,Goku (Super Saiyan 2),Kid Buu,180,,,Kid Buu is finally overwhelmed and completely disintegrated after having been blasted by Goku's massive Spirit Bomb,y,Goku,Super Saiyan 2,Buu,Kid,,,,,,,,,,,,,,,,,,,,,,,,
198,Goku vs. Goten (training),Peaceful World Saga,Goku,Goten,180,training,,10 years after Kid Buu's defeat Goku is (trying to) train Goten for the upcoming World Martial Arts Tournament,y,Goku ,,Goten,,,,,,,,,,,,,,,,,,,,,,,,,
199,Pan vs. Wild Tiger,Peaceful World Saga,Pan,Wild Tiger,180,,,"The young Pan, daughter of Gohan and Videl easily holds her own",y,Pan ,,Wild Tiger,,,,,,,,,,,,,,,,,,,,,,,,,
200,Goku vs. Uub,Peaceful World Saga,Goku,Uub,180,,,"Sensing that Uub is the good reincarnation of Buu, Goku fights Uub to sense his potential. Goku cuts the match short so he can start training Uub",y,Goku ,,Uub,,,,,,,,,,,,,,,,,,,,,,,,,
201,Pan vs. Goten (anime only),Peaceful World Saga,Pan,Goten,180,,anime only,"Pan is seen having won over Goten, with Trunks holding her arm in victory",y,Pan ,,Goten,,,,,,,,,,,,,,,,,,,,,,,,,
